{"cameraMode":{"drawMode":0,"name":"Shaded","section":"Shading Mode"},"sceneLighting":true,"audioPlay":false,"sceneViewState":{"showFog":true,"showMaterialUpdate":false,"showSkybox":true,"showFlares":true,"showImageEffects":true,"showParticleSystems":true},"in2DMode":false,"pivot":{"x":-5.208898544311523,"y":-3.1278085708618166,"z":4.545438766479492},"rotation":{"x":-0.2481217086315155,"y":0.39786234498023989,"z":-0.11268699169158936,"w":-0.876038134098053},"size":8.77551555633545,"orthographic":false}